"2016-06-29","0.7463",,,,,,,,,
"2016-06-28","0.7512",,,,,,,,,
"2016-06-27","0.7512",,,,,,,,,
"2016-06-26","0.7298",,,,,,,,,
"2016-06-25","0.7298",,,,,,,,,
"2016-06-24","0.7189",,,,,,,,,
"2016-06-23","0.6748",,,,,,,,,
"2016-06-22","0.6810",,,,,,,,,
"2016-06-21","0.6808",,,,,,,,,
"2016-06-20","0.6844",,,,,,,,,
"2016-06-19","0.6962",,,,,,,,,
"2016-06-18","0.6962",,,,,,,,,
"2016-06-17","0.7004",,,,,,,,,
"2016-06-16","0.7059",,,,,,,,,
"2016-06-15","0.7061",,,,,,,,,
"2016-06-14","0.7061",,,,,,,,,
"2016-06-13","0.7039",,,,,,,,,
"2016-06-12","0.7012",,,,,,,,,
"2016-06-11","0.7012",,,,,,,,,
"2016-06-10","0.6944",,,,,,,,,
"2016-06-09","0.6903",,,,,,,,,
"2016-06-08","0.6875",,,,,,,,,
"2016-06-07","0.6884",,,,,,,,,
"2016-06-06","0.6933",,,,,,,,,
"2016-06-05","0.6886",,,,,,,,,
"2016-06-04","0.6886",,,,,,,,,
"2016-06-03","0.6918",,,,,,,,,
"2016-06-02","0.6929",,,,,,,,,
"2016-06-01","0.6918",,,,,,,,,
"2016-05-31","0.6845",,,,,,,,,
"2016-05-30","0.6840",,,,,,,,,
"2016-05-29","0.6837",,,,,,,,,
"2016-05-28","0.6837",,,,,,,,,
"2016-05-27","0.6826",,,,,,,,,
"2016-05-26","0.6805",,,,,,,,,
"2016-05-25","0.6823",,,,,,,,,
"2016-05-24","0.6871",,,,,,,,,
"2016-05-23","0.6899",,,,,,,,,
"2016-05-22","0.6894",,,,,,,,,
"2016-05-21","0.6894",,,,,,,,,
"2016-05-20","0.6866",,,,,,,,,
"2016-05-19","0.6848",,,,,,,,,
"2016-05-18","0.6895",,,,,,,,,
"2016-05-17","0.6912",,,,,,,,,
"2016-05-16","0.6958",,,,,,,,,
"2016-05-15","0.6962",,,,,,,,,
"2016-05-14","0.6962",,,,,,,,,
"2016-05-13","0.6941",,,,,,,,,
"2016-05-12","0.6920",,,,,,,,,
"2016-05-11","0.6922",,,,,,,,,
"2016-05-10","0.6931",,,,,,,,,
"2016-05-09","0.6935",,,,,,,,,
"2016-05-08","0.6929",,,,,,,,,
"2016-05-07","0.6929",,,,,,,,,
"2016-05-06","0.6910",,,,,,,,,
"2016-05-05","0.6898",,,,,,,,,
"2016-05-04","0.6889",,,,,,,,,
"2016-05-03","0.6829",,,,,,,,,
"2016-05-02","0.6833",,,,,,,,,
"2016-05-01","0.6841",,,,,,,,,
"2016-04-30","0.6841",,,,,,,,,
"2016-04-29","0.6838",,,,,,,,,
"2016-04-28","0.6864",,,,,,,,,
"2016-04-27","0.6862",,,,,,,,,
"2016-04-26","0.6877",,,,,,,,,
"2016-04-25","0.6916",,,,,,,,,
"2016-04-24","0.6941",,,,,,,,,
"2016-04-23","0.6941",,,,,,,,,
"2016-04-22","0.6961",,,,,,,,,
"2016-04-21","0.6972",,,,,,,,,
"2016-04-20","0.6954",,,,,,,,,
"2016-04-19","0.6972",,,,,,,,,
"2016-04-18","0.7039",,,,,,,,,
"2016-04-17","0.7038",,,,,,,,,
"2016-04-16","0.7038",,,,,,,,,
"2016-04-15","0.7055",,,,,,,,,
"2016-04-14","0.7064",,,,,,,,,
"2016-04-13","0.7022",,,,,,,,,
"2016-04-12","0.7014",,,,,,,,,
"2016-04-11","0.7049",,,,,,,,,
"2016-04-10","0.7077",,,,,,,,,
"2016-04-09","0.7077",,,,,,,,,
"2016-04-08","0.7099",,,,,,,,,
"2016-04-07","0.7093",,,,,,,,,
"2016-04-06","0.7079",,,,,,,,,
"2016-04-05","0.7035",,,,,,,,,
"2016-04-04","0.7019",,,,,,,,,
"2016-04-03","0.7026",,,,,,,,,
"2016-04-02","0.7026",,,,,,,,,
"2016-04-01","0.6994",,,,,,,,,
"2016-03-31","0.6959",,,,,,,,,
"2016-03-30","0.6947",,,,,,,,,
"2016-03-29","0.7003",,,,,,,,,
"2016-03-28","0.7051",,,,,,,,,
"2016-03-27","0.7073",,,,,,,,,
"2016-03-26","0.7073",,,,,,,,,
"2016-03-25","0.7074",,,,,,,,,
"2016-03-24","0.7083",,,,,,,,,
"2016-03-23","0.7058",,,,,,,,,
"2016-03-22","0.6991",,,,,,,,,
"2016-03-21","0.6936",,,,,,,,,
"2016-03-20","0.6905",,,,,,,,,
"2016-03-19","0.6905",,,,,,,,,
"2016-03-18","0.6910",,,,,,,,,
"2016-03-17","0.6971",,,,,,,,,
"2016-03-16","0.7075",,,,,,,,,
"2016-03-15","0.7032",,,,,,,,,
"2016-03-14","0.6966",,,,,,,,,
"2016-03-13","0.6951",,,,,,,,,
"2016-03-12","0.6951",,,,,,,,,
"2016-03-11","0.6988",,,,,,,,,
"2016-03-10","0.7030",,,,,,,,,
"2016-03-09","0.7038",,,,,,,,,
"2016-03-08","0.7024",,,,,,,,,
"2016-03-07","0.7040",,,,,,,,,
"2016-03-06","0.7027",,,,,,,,,
"2016-03-05","0.7027",,,,,,,,,
"2016-03-04","0.7055",,,,,,,,,
"2016-03-03","0.7093",,,,,,,,,
"2016-03-02","0.7146",,,,,,,,,
"2016-03-01","0.7169",,,,,,,,,
"2016-02-29","0.7205",,,,,,,,,
"2016-02-28","0.7206",,,,,,,,,
"2016-02-27","0.7207",,,,,,,,,
"2016-02-26","0.7166",,,,,,,,,
"2016-02-25","0.7173",,,,,,,,,
"2016-02-24","0.7163",,,,,,,,,
"2016-02-23","0.7090",,,,,,,,,
"2016-02-22","0.7038",,,,,,,,,
"2016-02-21","0.6942",,,,,,,,,
"2016-02-20","0.6942",,,,,,,,,
"2016-02-19","0.6984",,,,,,,,,
"2016-02-18","0.6984",,,,,,,,,
"2016-02-17","0.6995",,,,,,,,,
"2016-02-16","0.6945",,,,,,,,,
"2016-02-15","0.6902",,,,,,,,,
"2016-02-14","0.6892",,,,,,,,,
"2016-02-13","0.6892",,,,,,,,,
"2016-02-12","0.6901",,,,,,,,,
"2016-02-11","0.6902",,,,,,,,,
"2016-02-10","0.6902",,,,,,,,,
"2016-02-09","0.6927",,,,,,,,,
"2016-02-08","0.6911",,,,,,,,,
"2016-02-07","0.6893",,,,,,,,,
"2016-02-06","0.6893",,,,,,,,,
"2016-02-05","0.6879",,,,,,,,,
"2016-02-04","0.6851",,,,,,,,,
"2016-02-03","0.6908",,,,,,,,,
"2016-02-02","0.6941",,,,,,,,,
"2016-02-01","0.6994",,,,,,,,,
"2016-01-31","0.7018",,,,,,,,,
"2016-01-30","0.7018",,,,,,,,,
"2016-01-29","0.6986",,,,,,,,,
"2016-01-28","0.6995",,,,,,,,,
"2016-01-27","0.6986",,,,,,,,,
"2016-01-26","0.7014",,,,,,,,,
"2016-01-25","0.7008",,,,,,,,,
"2016-01-24","0.7008",,,,,,,,,
"2016-01-23","0.7008",,,,,,,,,
"2016-01-22","0.7011",,,,,,,,,
"2016-01-21","0.7055",,,,,,,,,
"2016-01-20","0.7059",,,,,,,,,
"2016-01-19","0.7022",,,,,,,,,
"2016-01-18","0.7005",,,,,,,,,
"2016-01-17","0.7011",,,,,,,,,
"2016-01-16","0.7011",,,,,,,,,
"2016-01-15","0.6962",,,,,,,,,
"2016-01-14","0.6941",,,,,,,,,
"2016-01-13","0.6923",,,,,,,,,
"2016-01-12","0.6904",,,,,,,,,
"2016-01-11","0.6875",,,,,,,,,
"2016-01-10","0.6886",,,,,,,,,
"2016-01-09","0.6886",,,,,,,,,
"2016-01-08","0.6852",,,,,,,,,
"2016-01-07","0.6847",,,,,,,,,
"2016-01-06","0.6826",,,,,,,,,
"2016-01-05","0.6805",,,,,,,,,
"2016-01-04","0.6787",,,,,,,,,
"2016-01-03","0.6784",,,,,,,,,
"2016-01-02","0.6784",,,,,,,,,
"2016-01-01","0.6784",,,,,,,,,
"2015-12-31","0.6755",,,,,,,,,
"2015-12-30","0.6745",,,,,,,,,
"2015-12-29","0.6729",,,,,,,,,
"2015-12-28","0.6706",,,,,,,,,
"2015-12-27","0.6701",,,,,,,,,
"2015-12-26","0.6701",,,,,,,,,
"2015-12-25","0.6701",,,,,,,,,
"2015-12-24","0.6711",,,,,,,,,
"2015-12-23","0.6732",,,,,,,,,
"2015-12-22","0.6726",,,,,,,,,
"2015-12-21","0.6709",,,,,,,,,
"2015-12-20","0.6711",,,,,,,,,
"2015-12-19","0.6710",,,,,,,,,
"2015-12-18","0.6705",,,,,,,,,
"2015-12-17","0.6694",,,,,,,,,
"2015-12-16","0.6653",,,,,,,,,
"2015-12-15","0.6607",,,,,,,,,
"2015-12-14","0.6592",,,,,,,,,
"2015-12-13","0.6565",,,,,,,,,
"2015-12-12","0.6565",,,,,,,,,
"2015-12-11","0.6592",,,,,,,,,
"2015-12-10","0.6591",,,,,,,,,
"2015-12-09","0.6635",,,,,,,,,
"2015-12-08","0.6656",,,,,,,,,
"2015-12-07","0.6629",,,,,,,,,
"2015-12-06","0.6616",,,,,,,,,
"2015-12-05","0.6616",,,,,,,,,
"2015-12-04","0.6613",,,,,,,,,
"2015-12-03","0.6673",,,,,,,,,
"2015-12-02","0.6654",,,,,,,,,
"2015-12-01","0.6631",,,,,,,,,
"2015-11-30","0.6652",,,,,,,,,
"2015-11-29","0.6648",,,,,,,,,
"2015-11-28","0.6648",,,,,,,,,
"2015-11-27","0.6635",,,,,,,,,
"2015-11-26","0.6618",,,,,,,,,
"2015-11-25","0.6624",,,,,,,,,
"2015-11-24","0.6618",,,,,,,,,
"2015-11-23","0.6597",,,,,,,,,
"2015-11-22","0.6581",,,,,,,,,
"2015-11-21","0.6581",,,,,,,,,
"2015-11-20","0.6553",,,,,,,,,
"2015-11-19","0.6547",,,,,,,,,
"2015-11-18","0.6573",,,,,,,,,
"2015-11-17","0.6579",,,,,,,,,
"2015-11-16","0.6575",,,,,,,,,
"2015-11-15","0.6559",,,,,,,,,
"2015-11-14","0.6559",,,,,,,,,
"2015-11-13","0.6570",,,,,,,,,
"2015-11-12","0.6574",,,,,,,,,
"2015-11-11","0.6592",,,,,,,,,
"2015-11-10","0.6617",,,,,,,,,
"2015-11-09","0.6630",,,,,,,,,
"2015-11-08","0.6640",,,,,,,,,
"2015-11-07","0.6602",,,,,,,,,
"2015-11-06","0.6602",,,,,,,,,
"2015-11-05","0.6523",,,,,,,,,
"2015-11-04","0.6490",,,,,,,,,
"2015-11-03","0.6487",,,,,,,,,
"2015-11-02","0.6476",,,,,,,,,
"2015-11-01","0.6480",,,,,,,,,
"2015-10-31","0.6480",,,,,,,,,
"2015-10-30","0.6511",,,,,,,,,
"2015-10-29","0.6546",,,,,,,,,
"2015-10-28","0.6535",,,,,,,,,
"2015-10-27","0.6521",,,,,,,,,
"2015-10-26","0.6519",,,,,,,,,
"2015-10-25","0.6527",,,,,,,,,
"2015-10-24","0.6527",,,,,,,,,
"2015-10-23","0.6503",,,,,,,,,
"2015-10-22","0.6482",,,,,,,,,
"2015-10-21","0.6475",,,,,,,,,
"2015-10-20","0.6463",,,,,,,,,
"2015-10-19","0.6469",,,,,,,,,
"2015-10-18","0.6475",,,,,,,,,
"2015-10-17","0.6475",,,,,,,,,
"2015-10-16","0.6468",,,,,,,,,
"2015-10-15","0.6461",,,,,,,,,
"2015-10-14","0.6514",,,,,,,,,
"2015-10-13","0.6542",,,,,,,,,
"2015-10-12","0.6518",,,,,,,,,
"2015-10-11","0.6524",,,,,,,,,
"2015-10-10","0.6524",,,,,,,,,
"2015-10-09","0.6516",,,,,,,,,
"2015-10-08","0.6527",,,,,,,,,
"2015-10-07","0.6545",,,,,,,,,
"2015-10-06","0.6588",,,,,,,,,
"2015-10-05","0.6584",,,,,,,,,
"2015-10-04","0.6584",,,,,,,,,
"2015-10-03","0.6584",,,,,,,,,
"2015-10-02","0.6594",,,,,,,,,
"2015-10-01","0.6606",,,,,,,,,
"2015-09-30","0.6598",,,,,,,,,
"2015-09-29","0.6593",,,,,,,,,
"2015-09-28","0.6581",,,,,,,,,
"2015-09-27","0.6584",,,,,,,,,
"2015-09-26","0.6584",,,,,,,,,
"2015-09-25","0.6575",,,,,,,,,
"2015-09-24","0.6556",,,,,,,,,
"2015-09-23","0.6533",,,,,,,,,
"2015-09-22","0.6471",,,,,,,,,
"2015-09-21","0.6441",,,,,,,,,
"2015-09-20","0.6436",,,,,,,,,
"2015-09-19","0.6436",,,,,,,,,
"2015-09-18","0.6415",,,,,,,,,
"2015-09-17","0.6441",,,,,,,,,
"2015-09-16","0.6489",,,,,,,,,
"2015-09-15","0.6492",,,,,,,,,
"2015-09-14","0.6479",,,,,,,,,
"2015-09-13","0.6480",,,,,,,,,
"2015-09-12","0.6480",,,,,,,,,
"2015-09-11","0.6478",,,,,,,,,
"2015-09-10","0.6495",,,,,,,,,
"2015-09-09","0.6502",,,,,,,,,
"2015-09-08","0.6516",,,,,,,,,
"2015-09-07","0.6564",,,,,,,,,
"2015-09-06","0.6587",,,,,,,,,
"2015-09-05","0.6587",,,,,,,,,
"2015-09-04","0.6568",,,,,,,,,
"2015-09-03","0.6545",,,,,,,,,
"2015-09-02","0.6535",,,,,,,,,
"2015-09-01","0.6513",,,,,,,,,
"2015-08-31","0.6493",,,,,,,,,
"2015-08-30","0.6495",,,,,,,,,
"2015-08-29","0.6495",,,,,,,,,
"2015-08-28","0.6492",,,,,,,,,
"2015-08-27","0.6469",,,,,,,,,
"2015-08-26","0.6402",,,,,,,,,
"2015-08-25","0.6348",,,,,,,,,
"2015-08-24","0.6364",,,,,,,,,
"2015-08-23","0.6368",,,,,,,,,
"2015-08-22","0.6368",,,,,,,,,
"2015-08-21","0.6372",,,,,,,,,
"2015-08-20","0.6380",,,,,,,,,
"2015-08-19","0.6382",,,,,,,,,
"2015-08-18","0.6397",,,,,,,,,
"2015-08-17","0.6397",,,,,,,,,
"2015-08-16","0.6389",,,,,,,,,
"2015-08-15","0.6389",,,,,,,,,
"2015-08-14","0.6400",,,,,,,,,
"2015-08-13","0.6404",,,,,,,,,
"2015-08-12","0.6413",,,,,,,,,
"2015-08-11","0.6418",,,,,,,,,
"2015-08-10","0.6446",,,,,,,,,
"2015-08-09","0.6451",,,,,,,,,
"2015-08-08","0.6451",,,,,,,,,
"2015-08-07","0.6451",,,,,,,,,
"2015-08-06","0.6421",,,,,,,,,
"2015-08-05","0.6417",,,,,,,,,
"2015-08-04","0.6412",,,,,,,,,
"2015-08-03","0.6405",,,,,,,,,
"2015-08-02","0.6399",,,,,,,,,
"2015-08-01","0.6399",,,,,,,,,
"2015-07-31","0.6407",,,,,,,,,
"2015-07-30","0.6408",,,,,,,,,
"2015-07-29","0.6401",,,,,,,,,
"2015-07-28","0.6418",,,,,,,,,
"2015-07-27","0.6437",,,,,,,,,
"2015-07-26","0.6443",,,,,,,,,
"2015-07-25","0.6443",,,,,,,,,
"2015-07-24","0.6449",,,,,,,,,
"2015-07-23","0.6416",,,,,,,,,
"2015-07-22","0.6412",,,,,,,,,
"2015-07-21","0.6426",,,,,,,,,
"2015-07-20","0.6416",,,,,,,,,
"2015-07-19","0.6405",,,,,,,,,
"2015-07-18","0.6405",,,,,,,,,
"2015-07-17","0.6402",,,,,,,,,
"2015-07-16","0.6403",,,,,,,,,
"2015-07-15","0.6396",,,,,,,,,
"2015-07-14","0.6437",,,,,,,,,
"2015-07-13","0.6444",,,,,,,,,
"2015-07-12","0.6440",,,,,,,,,
"2015-07-11","0.6440",,,,,,,,,
"2015-07-10","0.6472",,,,,,,,,
"2015-07-09","0.6502",,,,,,,,,
"2015-07-08","0.6492",,,,,,,,,
"2015-07-07","0.6444",,,,,,,,,
"2015-07-06","0.6421",,,,,,,,,
"2015-07-05","0.6418",,,,,,,,,
"2015-07-04","0.6418",,,,,,,,,
"2015-07-03","0.6407",,,,,,,,,
"2015-07-02","0.6407",,,,,,,,,
"2015-07-01","0.6383",,,,,,,,,
"2015-06-30","0.6358",,,,,,,,,
"2015-06-29","0.6361",,,,,,,,,
"2015-06-28","0.6346",,,,,,,,,
"2015-06-27","0.6346",,,,,,,,,
"2015-06-26","0.6353",,,,,,,,,
"2015-06-25","0.6363",,,,,,,,,
"2015-06-24","0.6354",,,,,,,,,
"2015-06-23","0.6340",,,,,,,,,
"2015-06-22","0.6306",,,,,,,,,
"2015-06-21","0.6294",,,,,,,,,
"2015-06-20","0.6294",,,,,,,,,
"2015-06-19","0.6299",,,,,,,,,
"2015-06-18","0.6302",,,,,,,,,
"2015-06-17","0.6370",,,,,,,,,
"2015-06-16","0.6405",,,,,,,,,
"2015-06-15","0.6431",,,,,,,,,
"2015-06-14","0.6422",,,,,,,,,
"2015-06-13","0.6422",,,,,,,,,
"2015-06-12","0.6442",,,,,,,,,
"2015-06-11","0.6455",,,,,,,,,
"2015-06-10","0.6471",,,,,,,,,
"2015-06-09","0.6519",,,,,,,,,
"2015-06-08","0.6545",,,,,,,,,
"2015-06-07","0.6547",,,,,,,,,
"2015-06-06","0.6547",,,,,,,,,
"2015-06-05","0.6530",,,,,,,,,
"2015-06-04","0.6511",,,,,,,,,
"2015-06-03","0.6524",,,,,,,,,
"2015-06-02","0.6555",,,,,,,,,
"2015-06-01","0.6559",,,,,,,,,
"2015-05-31","0.6534",,,,,,,,,
"2015-05-30","0.6534",,,,,,,,,
"2015-05-29","0.6536",,,,,,,,,
"2015-05-28","0.6524",,,,,,,,,
"2015-05-27","0.6504",,,,,,,,,
"2015-05-26","0.6484",,,,,,,,,
"2015-05-25","0.6461",,,,,,,,,
"2015-05-24","0.6452",,,,,,,,,
"2015-05-23","0.6452",,,,,,,,,
"2015-05-22","0.6408",,,,,,,,,
"2015-05-21","0.6405",,,,,,,,,
"2015-05-20","0.6441",,,,,,,,,
"2015-05-19","0.6420",,,,,,,,,
"2015-05-18","0.6372",,,,,,,,,
"2015-05-17","0.6357",,,,,,,,,
"2015-05-16","0.6357",,,,,,,,,
"2015-05-15","0.6346",,,,,,,,,
"2015-05-14","0.6344",,,,,,,,,
"2015-05-13","0.6371",,,,,,,,,
"2015-05-12","0.6399",,,,,,,,,
"2015-05-11","0.6458",,,,,,,,,
"2015-05-10","0.6471",,,,,,,,,
"2015-05-09","0.6471",,,,,,,,,
"2015-05-08","0.6476",,,,,,,,,
"2015-05-07","0.6565",,,,,,,,,
"2015-05-06","0.6573",,,,,,,,,
"2015-05-05","0.6604",,,,,,,,,
"2015-05-04","0.6606",,,,,,,,,
"2015-05-03","0.6601",,,,,,,,,
"2015-05-02","0.6601",,,,,,,,,
"2015-05-01","0.6547",,,,,,,,,
"2015-04-30","0.6493",,,,,,,,,
"2015-04-29","0.6501",,,,,,,,,
"2015-04-28","0.6549",,,,,,,,,
"2015-04-27","0.6587",,,,,,,,,
"2015-04-26","0.6583",,,,,,,,,
"2015-04-25","0.6583",,,,,,,,,
"2015-04-24","0.6618",,,,,,,,,
"2015-04-23","0.6654",,,,,,,,,
"2015-04-22","0.6672",,,,,,,,,
"2015-04-21","0.6710",,,,,,,,,
"2015-04-20","0.6694",,,,,,,,,
"2015-04-19","0.6679",,,,,,,,,
"2015-04-18","0.6679",,,,,,,,,
"2015-04-17","0.6683",,,,,,,,,
"2015-04-16","0.6721",,,,,,,,,
"2015-04-15","0.6769",,,,,,,,,
"2015-04-14","0.6801",,,,,,,,,
"2015-04-13","0.6833",,,,,,,,,
"2015-04-12","0.6833",,,,,,,,,
"2015-04-11","0.6833",,,,,,,,,
"2015-04-10","0.6815",,,,,,,,,
"2015-04-09","0.6752",,,,,,,,,
"2015-04-08","0.6720",,,,,,,,,
"2015-04-07","0.6721",,,,,,,,,
"2015-04-06","0.6698",,,,,,,,,
"2015-04-05","0.6699",,,,,,,,,
"2015-04-04","0.6699",,,,,,,,,
"2015-04-03","0.6729",,,,,,,,,
"2015-04-02","0.6743",,,,,,,,,
"2015-04-01","0.6745",,,,,,,,,
"2015-03-31","0.6754",,,,,,,,,
"2015-03-30","0.6740",,,,,,,,,
"2015-03-29","0.6717",,,,,,,,,
"2015-03-28","0.6717",,,,,,,,,
"2015-03-27","0.6727",,,,,,,,,
"2015-03-26","0.6717",,,,,,,,,
"2015-03-25","0.6722",,,,,,,,,
"2015-03-24","0.6704",,,,,,,,,
"2015-03-23","0.6699",,,,,,,,,
"2015-03-22","0.6682",,,,,,,,,
"2015-03-21","0.6682",,,,,,,,,
"2015-03-20","0.6750",,,,,,,,,
"2015-03-19","0.6731",,,,,,,,,
"2015-03-18","0.6781",,,,,,,,,
"2015-03-17","0.6761",,,,,,,,,
"2015-03-16","0.6764",,,,,,,,,
"2015-03-15","0.6779",,,,,,,,,
"2015-03-14","0.6779",,,,,,,,,
"2015-03-13","0.6746",,,,,,,,,
"2015-03-12","0.6695",,,,,,,,,
"2015-03-11","0.6653",,,,,,,,,
"2015-03-10","0.6629",,,,,,,,,
"2015-03-09","0.6628",,,,,,,,,
"2015-03-08","0.6645",,,,,,,,,
"2015-03-07","0.6645",,,,,,,,,
"2015-03-06","0.6588",,,,,,,,,
"2015-03-05","0.6559",,,,,,,,,
"2015-03-04","0.6523",,,,,,,,,
"2015-03-03","0.6505",,,,,,,,,
"2015-03-02","0.6495",,,,,,,,,
"2015-03-01","0.6474",,,,,,,,,
"2015-02-28","0.6474",,,,,,,,,
"2015-02-27","0.6482",,,,,,,,,
"2015-02-26","0.6453",,,,,,,,,
"2015-02-25","0.6456",,,,,,,,,
"2015-02-24","0.6474",,,,,,,,,
"2015-02-23","0.6493",,,,,,,,,
"2015-02-22","0.6490",,,,,,,,,
"2015-02-21","0.6490",,,,,,,,,
"2015-02-20","0.6493",,,,,,,,,
"2015-02-19","0.6477",,,,,,,,,
"2015-02-18","0.6497",,,,,,,,,
"2015-02-17","0.6509",,,,,,,,,
"2015-02-16","0.6494",,,,,,,,,
"2015-02-15","0.6491",,,,,,,,,
"2015-02-14","0.6491",,,,,,,,,
"2015-02-13","0.6495",,,,,,,,,
"2015-02-12","0.6539",,,,,,,,,
"2015-02-11","0.6553",,,,,,,,,
"2015-02-10","0.6564",,,,,,,,,
"2015-02-09","0.6563",,,,,,,,,
"2015-02-08","0.6557",,,,,,,,,
"2015-02-07","0.6557",,,,,,,,,
"2015-02-06","0.6534",,,,,,,,,
"2015-02-05","0.6562",,,,,,,,,
"2015-02-04","0.6585",,,,,,,,,
"2015-02-03","0.6637",,,,,,,,,
"2015-02-02","0.6642",,,,,,,,,
"2015-02-01","0.6634",,,,,,,,,
"2015-01-31","0.6634",,,,,,,,,
"2015-01-30","0.6638",,,,,,,,,
"2015-01-29","0.6614",,,,,,,,,
"2015-01-28","0.6587",,,,,,,,,
"2015-01-27","0.6611",,,,,,,,,
"2015-01-26","0.6654",,,,,,,,,
"2015-01-25","0.6667",,,,,,,,,
"2015-01-24","0.6667",,,,,,,,,
"2015-01-23","0.6666",,,,,,,,,
"2015-01-22","0.6612",,,,,,,,,
"2015-01-21","0.6606",,,,,,,,,
"2015-01-20","0.6611",,,,,,,,,
"2015-01-19","0.6603",,,,,,,,,
"2015-01-18","0.6599",,,,,,,,,
"2015-01-17","0.6599",,,,,,,,,
"2015-01-16","0.6589",,,,,,,,,
"2015-01-15","0.6572",,,,,,,,,
"2015-01-14","0.6584",,,,,,,,,
"2015-01-13","0.6597",,,,,,,,,
"2015-01-12","0.6597",,,,,,,,,
"2015-01-11","0.6594",,,,,,,,,
"2015-01-10","0.6594",,,,,,,,,
"2015-01-09","0.6614",,,,,,,,,
"2015-01-08","0.6628",,,,,,,,,
"2015-01-07","0.6612",,,,,,,,,
"2015-01-06","0.6570",,,,,,,,,
"2015-01-05","0.6548",,,,,,,,,
"2015-01-04","0.6523",,,,,,,,,
"2015-01-03","0.6523",,,,,,,,,
"2015-01-02","0.6460",,,,,,,,,
"2015-01-01","0.6419",,,,,,,,,
"2014-12-31","0.6420",,,,,,,,,
"2014-12-30","0.6437",,,,,,,,,
"2014-12-29","0.6429",,,,,,,,,
"2014-12-28","0.6424",,,,,,,,,
"2014-12-27","0.6424",,,,,,,,,
"2014-12-26","0.6427",,,,,,,,,
"2014-12-25","0.6426",,,,,,,,,
"2014-12-24","0.6437",,,,,,,,,
"2014-12-23","0.6428",,,,,,,,,
"2014-12-22","0.6399",,,,,,,,,
"2014-12-21","0.6395",,,,,,,,,
"2014-12-20","0.6395",,,,,,,,,
"2014-12-19","0.6389",,,,,,,,,
"2014-12-18","0.6404",,,,,,,,,
"2014-12-17","0.6367",,,,,,,,,
"2014-12-16","0.6373",,,,,,,,,
"2014-12-15","0.6373",,,,,,,,,
"2014-12-14","0.6360",,,,,,,,,
"2014-12-13","0.6360",,,,,,,,,
"2014-12-12","0.6361",,,,,,,,,
"2014-12-11","0.6367",,,,,,,,,
"2014-12-10","0.6375",,,,,,,,,
"2014-12-09","0.6386",,,,,,,,,
"2014-12-08","0.6411",,,,,,,,,
"2014-12-07","0.6413",,,,,,,,,
"2014-12-06","0.6414",,,,,,,,,
"2014-12-05","0.6393",,,,,,,,,
"2014-12-04","0.6376",,,,,,,,,
"2014-12-03","0.6385",,,,,,,,,
"2014-12-02","0.6371",,,,,,,,,
"2014-12-01","0.6379",,,,,,,,,
"2014-11-30","0.6386",,,,,,,,,
"2014-11-29","0.6387",,,,,,,,,
"2014-11-28","0.6372",,,,,,,,,
"2014-11-27","0.6341",,,,,,,,,
"2014-11-26","0.6353",,,,,,,,,
"2014-11-25","0.6373",,,,,,,,,
"2014-11-24","0.6381",,,,,,,,,
"2014-11-23","0.6385",,,,,,,,,
"2014-11-22","0.6385",,,,,,,,,
"2014-11-21","0.6379",,,,,,,,,
"2014-11-20","0.6377",,,,,,,,,
"2014-11-19","0.6392",,,,,,,,,
"2014-11-18","0.6390",,,,,,,,,
"2014-11-17","0.6382",,,,,,,,,
"2014-11-16","0.6380",,,,,,,,,
"2014-11-15","0.6380",,,,,,,,,
"2014-11-14","0.6380",,,,,,,,,
"2014-11-13","0.6347",,,,,,,,,
"2014-11-12","0.6299",,,,,,,,,
"2014-11-11","0.6304",,,,,,,,,
"2014-11-10","0.6295",,,,,,,,,
"2014-11-09","0.6299",,,,,,,,,
"2014-11-08","0.6299",,,,,,,,,
"2014-11-07","0.6314",,,,,,,,,
"2014-11-06","0.6274",,,,,,,,,
"2014-11-05","0.6261",,,,,,,,,
"2014-11-04","0.6252",,,,,,,,,
"2014-11-03","0.6257",,,,,,,,,
"2014-11-02","0.6250",,,,,,,,,
"2014-11-01","0.6250",,,,,,,,,
"2014-10-31","0.6254",,,,,,,,,
"2014-10-30","0.6251",,,,,,,,,
"2014-10-29","0.6204",,,,,,,,,
"2014-10-28","0.6199",,,,,,,,,
"2014-10-27","0.6207",,,,,,,,,
"2014-10-26","0.6214",,,,,,,,,
"2014-10-25","0.6214",,,,,,,,,
"2014-10-24","0.6229",,,,,,,,,
"2014-10-23","0.6236",,,,,,,,,
"2014-10-22","0.6218",,,,,,,,,
"2014-10-21","0.6190",,,,,,,,,
"2014-10-20","0.6202",,,,,,,,,
"2014-10-19","0.6213",,,,,,,,,
"2014-10-18","0.6213",,,,,,,,,
"2014-10-17","0.6216",,,,,,,,,
"2014-10-16","0.6245",,,,,,,,,
"2014-10-15","0.6280",,,,,,,,,
"2014-10-14","0.6251",,,,,,,,,
"2014-10-13","0.6215",,,,,,,,,
"2014-10-12","0.6219",,,,,,,,,
"2014-10-11","0.6219",,,,,,,,,
"2014-10-10","0.6218",,,,,,,,,
"2014-10-09","0.6185",,,,,,,,,
"2014-10-08","0.6217",,,,,,,,,
"2014-10-07","0.6220",,,,,,,,,
"2014-10-06","0.6252",,,,,,,,,
"2014-10-05","0.6259",,,,,,,,,
"2014-10-04","0.6259",,,,,,,,,
"2014-10-03","0.6223",,,,,,,,,
"2014-10-02","0.6183",,,,,,,,,
"2014-10-01","0.6173",,,,,,,,,
"2014-09-30","0.6161",,,,,,,,,
"2014-09-29","0.6157",,,,,,,,,
"2014-09-28","0.6152",,,,,,,,,
"2014-09-27","0.6152",,,,,,,,,
"2014-09-26","0.6137",,,,,,,,,
"2014-09-25","0.6129",,,,,,,,,
"2014-09-24","0.6105",,,,,,,,,
"2014-09-23","0.6106",,,,,,,,,
"2014-09-22","0.6120",,,,,,,,,
"2014-09-21","0.6139",,,,,,,,,
"2014-09-20","0.6139",,,,,,,,,
"2014-09-19","0.6098",,,,,,,,,
"2014-09-18","0.6128",,,,,,,,,
"2014-09-17","0.6137",,,,,,,,,
"2014-09-16","0.6162",,,,,,,,,
"2014-09-15","0.6156",,,,,,,,,
"2014-09-14","0.6146",,,,,,,,,
"2014-09-13","0.6146",,,,,,,,,
"2014-09-12","0.6155",,,,,,,,,
"2014-09-11","0.6164",,,,,,,,,
"2014-09-10","0.6197",,,,,,,,,
"2014-09-09","0.6212",,,,,,,,,
"2014-09-08","0.6185",,,,,,,,,
"2014-09-07","0.6123",,,,,,,,,
"2014-09-06","0.6123",,,,,,,,,
"2014-09-05","0.6129",,,,,,,,,
"2014-09-04","0.6087",,,,,,,,,
"2014-09-03","0.6073",,,,,,,,,
"2014-09-02","0.6043",,,,,,,,,
"2014-09-01","0.6020",,,,,,,,,
"2014-08-31","0.6023",,,,,,,,,
"2014-08-30","0.6023",,,,,,,,,
"2014-08-29","0.6028",,,,,,,,,
"2014-08-28","0.6029",,,,,,,,,
"2014-08-27","0.6036",,,,,,,,,
"2014-08-26","0.6033",,,,,,,,,
"2014-08-25","0.6034",,,,,,,,,
"2014-08-24","0.6032",,,,,,,,,
"2014-08-23","0.6032",,,,,,,,,
"2014-08-22","0.6031",,,,,,,,,
"2014-08-21","0.6029",,,,,,,,,
"2014-08-20","0.6015",,,,,,,,,
"2014-08-19","0.5998",,,,,,,,,
"2014-08-18","0.5978",,,,,,,,,
"2014-08-17","0.5988",,,,,,,,,
"2014-08-16","0.5988",,,,,,,,,
"2014-08-15","0.5992",,,,,,,,,
"2014-08-14","0.5994",,,,,,,,,
"2014-08-13","0.5967",,,,,,,,,
"2014-08-12","0.5957",,,,,,,,,
"2014-08-11","0.5958",,,,,,,,,
"2014-08-10","0.5959",,,,,,,,,
"2014-08-09","0.5960",,,,,,,,,
"2014-08-08","0.5951",,,,,,,,,
"2014-08-07","0.5936",,,,,,,,,
"2014-08-06","0.5932",,,,,,,,,
"2014-08-05","0.5929",,,,,,,,,
"2014-08-04","0.5940",,,,,,,,,
"2014-08-03","0.5943",,,,,,,,,
"2014-08-02","0.5943",,,,,,,,,
"2014-08-01","0.5932",,,,,,,,,
"2014-07-31","0.5918",,,,,,,,,
"2014-07-30","0.5907",,,,,,,,,
"2014-07-29","0.5895",,,,,,,,,
"2014-07-28","0.5888",,,,,,,,,
"2014-07-27","0.5889",,,,,,,,,
"2014-07-26","0.5889",,,,,,,,,
"2014-07-25","0.5888",,,,,,,,,
"2014-07-24","0.5877",,,,,,,,,
"2014-07-23","0.5864",,,,,,,,,
"2014-07-22","0.5858",,,,,,,,,
"2014-07-21","0.5854",,,,,,,,,
"2014-07-20","0.5850",,,,,,,,,
"2014-07-19","0.5851",,,,,,,,,
"2014-07-18","0.5851",,,,,,,,,
"2014-07-17","0.5841",,,,,,,,,
"2014-07-16","0.5836",,,,,,,,,
"2014-07-15","0.5842",,,,,,,,,
"2014-07-14","0.5846",,,,,,,,,
"2014-07-13","0.5839",,,,,,,,,
"2014-07-12","0.5839",,,,,,,,,
"2014-07-11","0.5839",,,,,,,,,
"2014-07-10","0.5835",,,,,,,,,
"2014-07-09","0.5838",,,,,,,,,
"2014-07-08","0.5838",,,,,,,,,
"2014-07-07","0.5835",,,,,,,,,
"2014-07-06","0.5827",,,,,,,,,
"2014-07-05","0.5827",,,,,,,,,
"2014-07-04","0.5829",,,,,,,,,
"2014-07-03","0.5830",,,,,,,,,
"2014-07-02","0.5829",,,,,,,,,
"2014-07-01","0.5838",,,,,,,,,
"2014-06-30","0.5864",,,,,,,,,
"2014-06-29","0.5866",,,,,,,,,
"2014-06-28","0.5866",,,,,,,,,
"2014-06-27","0.5873",,,,,,,,,
"2014-06-26","0.5881",,,,,,,,,
"2014-06-25","0.5890",,,,,,,,,
"2014-06-24","0.5881",,,,,,,,,
"2014-06-23","0.5874",,,,,,,,,
"2014-06-22","0.5877",,,,,,,,,
"2014-06-21","0.5877",,,,,,,,,
"2014-06-20","0.5870",,,,,,,,,
"2014-06-19","0.5876",,,,,,,,,
"2014-06-18","0.5896",,,,,,,,,
"2014-06-17","0.5893",,,,,,,,,
"2014-06-16","0.5889",,,,,,,,,
"2014-06-15","0.5890",,,,,,,,,
"2014-06-14","0.5890",,,,,,,,,
"2014-06-13","0.5897",,,,,,,,,
"2014-06-12","0.5945",,,,,,,,,
"2014-06-11","0.5962",,,,,,,,,
"2014-06-10","0.5957",,,,,,,,,
"2014-06-09","0.5951",,,,,,,,,
"2014-06-08","0.5948",,,,,,,,,
"2014-06-07","0.5948",,,,,,,,,
"2014-06-06","0.5949",,,,,,,,,
"2014-06-05","0.5964",,,,,,,,,
"2014-06-04","0.5974",,,,,,,,,
"2014-06-03","0.5970",,,,,,,,,
"2014-06-02","0.5970",,,,,,,,,
"2014-06-01","0.5966",,,,,,,,,
"2014-05-31","0.5966",,,,,,,,,
"2014-05-30","0.5972",,,,,,,,,
"2014-05-29","0.5981",,,,,,,,,
"2014-05-28","0.5965",,,,,,,,,
"2014-05-27","0.5940",,,,,,,,,
"2014-05-26","0.5938",,,,,,,,,
"2014-05-25","0.5937",,,,,,,,,
"2014-05-24","0.5937",,,,,,,,,
"2014-05-23","0.5934",,,,,,,,,
"2014-05-22","0.5924",,,,,,,,,
"2014-05-21","0.5929",,,,,,,,,
"2014-05-20","0.5942",,,,,,,,,
"2014-05-19","0.5944",,,,,,,,,
"2014-05-18","0.5945",,,,,,,,,
"2014-05-17","0.5945",,,,,,,,,
"2014-05-16","0.5950",,,,,,,,,
"2014-05-15","0.5962",,,,,,,,,
"2014-05-14","0.5948",,,,,,,,,
"2014-05-13","0.5933",,,,,,,,,
"2014-05-12","0.5928",,,,,,,,,
"2014-05-11","0.5932",,,,,,,,,
"2014-05-10","0.5932",,,,,,,,,
"2014-05-09","0.5919",,,,,,,,,
"2014-05-08","0.5898",,,,,,,,,
"2014-05-07","0.5892",,,,,,,,,
"2014-05-06","0.5906",,,,,,,,,
"2014-05-05","0.5927",,,,,,,,,
"2014-05-04","0.5923",,,,,,,,,
"2014-05-03","0.5923",,,,,,,,,
"2014-05-02","0.5925",,,,,,,,,
"2014-05-01","0.5921",,,,,,,,,
"2014-04-30","0.5938",,,,,,,,,
"2014-04-29","0.5945",,,,,,,,,
"2014-04-28","0.5947",,,,,,,,,
"2014-04-27","0.5949",,,,,,,,,
"2014-04-26","0.5949",,,,,,,,,
"2014-04-25","0.5950",,,,,,,,,
"2014-04-24","0.5956",,,,,,,,,
"2014-04-23","0.5950",,,,,,,,,
"2014-04-22","0.5948",,,,,,,,,
"2014-04-21","0.5952",,,,,,,,,
"2014-04-20","0.5953",,,,,,,,,
"2014-04-19","0.5953",,,,,,,,,
"2014-04-18","0.5956",,,,,,,,,
"2014-04-17","0.5947",,,,,,,,,
"2014-04-16","0.5964",,,,,,,,,
"2014-04-15","0.5980",,,,,,,,,
"2014-04-14","0.5978",,,,,,,,,
"2014-04-13","0.5975",,,,,,,,,
"2014-04-12","0.5975",,,,,,,,,
"2014-04-11","0.5967",,,,,,,,,
"2014-04-10","0.5957",,,,,,,,,
"2014-04-09","0.5969",,,,,,,,,
"2014-04-08","0.5996",,,,,,,,,
"2014-04-07","0.6028",,,,,,,,,
"2014-04-06","0.6029",,,,,,,,,
"2014-04-05","0.6029",,,,,,,,,
"2014-04-04","0.6029",,,,,,,,,
"2014-04-03","0.6019",,,,,,,,,
"2014-04-02","0.6011",,,,,,,,,
"2014-04-01","0.6005",,,,,,,,,
"2014-03-31","0.6006",,,,,,,,,
"2014-03-30","0.6009",,,,,,,,,
"2014-03-29","0.6009",,,,,,,,,
"2014-03-28","0.6015",,,,,,,,,
"2014-03-27","0.6024",,,,,,,,,
"2014-03-26","0.6044",,,,,,,,,
"2014-03-25","0.6058",,,,,,,,,
"2014-03-24","0.6064",,,,,,,,,
"2014-03-23","0.6063",,,,,,,,,
"2014-03-22","0.6063",,,,,,,,,
"2014-03-21","0.6060",,,,,,,,,
"2014-03-20","0.6051",,,,,,,,,
"2014-03-19","0.6023",,,,,,,,,
"2014-03-18","0.6020",,,,,,,,,
"2014-03-17","0.6011",,,,,,,,,
"2014-03-16","0.6005",,,,,,,,,
"2014-03-15","0.6005",,,,,,,,,
"2014-03-14","0.6017",,,,,,,,,
"2014-03-13","0.6005",,,,,,,,,
"2014-03-12","0.6018",,,,,,,,,
"2014-03-11","0.6012",,,,,,,,,
"2014-03-10","0.5992",,,,,,,,,
"2014-03-09","0.5980",,,,,,,,,
"2014-03-08","0.5980",,,,,,,,,
"2014-03-07","0.5974",,,,,,,,,
"2014-03-06","0.5979",,,,,,,,,
"2014-03-05","0.5992",,,,,,,,,
"2014-03-04","0.5997",,,,,,,,,
"2014-03-03","0.5979",,,,,,,,,
"2014-03-02","0.5969",,,,,,,,,
"2014-03-01","0.5969",,,,,,,,,
"2014-02-28","0.5983",,,,,,,,,
"2014-02-27","0.6000",,,,,,,,,
"2014-02-26","0.5998",,,,,,,,,
"2014-02-25","0.5996",,,,,,,,,
"2014-02-24","0.6009",,,,,,,,,
"2014-02-23","0.6017",,,,,,,,,
"2014-02-22","0.6017",,,,,,,,,
"2014-02-21","0.6003",,,,,,,,,
"2014-02-20","0.6000",,,,,,,,,
"2014-02-19","0.5992",,,,,,,,,
"2014-02-18","0.5985",,,,,,,,,
"2014-02-17","0.5970",,,,,,,,,
"2014-02-16","0.5970",,,,,,,,,
"2014-02-15","0.5970",,,,,,,,,
"2014-02-14","0.5991",,,,,,,,,
"2014-02-13","0.6014",,,,,,,,,
"2014-02-12","0.6060",,,,,,,,,
"2014-02-11","0.6085",,,,,,,,,
"2014-02-10","0.6095",,,,,,,,,
"2014-02-09","0.6091",,,,,,,,,
"2014-02-08","0.6091",,,,,,,,,
"2014-02-07","0.6116",,,,,,,,,
"2014-02-06","0.6130",,,,,,,,,
"2014-02-05","0.6130",,,,,,,,,
"2014-02-04","0.6132",,,,,,,,,
"2014-02-03","0.6105",,,,,,,,,
"2014-02-02","0.6079",,,,,,,,,
"2014-02-01","0.6079",,,,,,,,,
"2014-01-31","0.6072",,,,,,,,,
"2014-01-30","0.6053",,,,,,,,,
"2014-01-29","0.6034",,,,,,,,,
"2014-01-28","0.6029",,,,,,,,,
"2014-01-27","0.6048",,,,,,,,,
"2014-01-26","0.6063",,,,,,,,,
"2014-01-25","0.6063",,,,,,,,,
"2014-01-24","0.6029",,,,,,,,,
"2014-01-23","0.6028",,,,,,,,,
"2014-01-22","0.6054",,,,,,,,,
"2014-01-21","0.6082",,,,,,,,,
"2014-01-20","0.6088",,,,,,,,,
"2014-01-19","0.6087",,,,,,,,,
"2014-01-18","0.6088",,,,,,,,,
"2014-01-17","0.6103",,,,,,,,,
"2014-01-16","0.6114",,,,,,,,,
"2014-01-15","0.6097",,,,,,,,,
"2014-01-14","0.6093",,,,,,,,,
"2014-01-13","0.6081",,,,,,,,,
"2014-01-12","0.6065",,,,,,,,,
"2014-01-11","0.6065",,,,,,,,,
"2014-01-10","0.6073",,,,,,,,,
"2014-01-09","0.6076",,,,,,,,,
"2014-01-08","0.6089",,,,,,,,,
"2014-01-07","0.6096",,,,,,,,,
"2014-01-06","0.6102",,,,,,,,,
"2014-01-05","0.6089",,,,,,,,,
"2014-01-04","0.6089",,,,,,,,,
"2014-01-03","0.6083",,,,,,,,,
"2014-01-02","0.6050",,,,,,,,,
"2014-01-01","0.6036",,,,,,,,,
"2013-12-31","0.6053",,,,,,,,,
"2013-12-30","0.6064",,,,,,,,,
"2013-12-29","0.6063",,,,,,,,,
"2013-12-28","0.6063",,,,,,,,,
"2013-12-27","0.6071",,,,,,,,,
"2013-12-26","0.6100",,,,,,,,,
"2013-12-25","0.6108",,,,,,,,,
"2013-12-24","0.6114",,,,,,,,,
"2013-12-23","0.6116",,,,,,,,,
"2013-12-22","0.6118",,,,,,,,,
"2013-12-21","0.6118",,,,,,,,,
"2013-12-20","0.6115",,,,,,,,,
"2013-12-19","0.6107",,,,,,,,,
"2013-12-18","0.6124",,,,,,,,,
"2013-12-17","0.6138",,,,,,,,,
"2013-12-16","0.6131",,,,,,,,,
"2013-12-15","0.6131",,,,,,,,,
"2013-12-14","0.6131",,,,,,,,,
"2013-12-13","0.6128",,,,,,,,,
"2013-12-12","0.6109",,,,,,,,,
"2013-12-11","0.6092",,,,,,,,,
"2013-12-10","0.6082",,,,,,,,,
"2013-12-09","0.6108",,,,,,,,,
"2013-12-08","0.6114",,,,,,,,,
"2013-12-07","0.6114",,,,,,,,,
"2013-12-06","0.6119",,,,,,,,,
"2013-12-05","0.6112",,,,,,,,,
"2013-12-04","0.6106",,,,,,,,,
"2013-12-03","0.6103",,,,,,,,,
"2013-12-02","0.6101",,,,,,,,,
"2013-12-01","0.6106",,,,,,,,,
"2013-11-30","0.6106",,,,,,,,,
"2013-11-29","0.6116",,,,,,,,,
"2013-11-28","0.6127",,,,,,,,,
"2013-11-27","0.6154",,,,,,,,,
"2013-11-26","0.6184",,,,,,,,,
"2013-11-25","0.6174",,,,,,,,,
"2013-11-24","0.6162",,,,,,,,,
"2013-11-23","0.6162",,,,,,,,,
"2013-11-22","0.6173",,,,,,,,,
"2013-11-21","0.6206",,,,,,,,,
"2013-11-20","0.6199",,,,,,,,,
"2013-11-19","0.6208",,,,,,,,,
"2013-11-18","0.6205",,,,,,,,,
"2013-11-17","0.6203",,,,,,,,,
"2013-11-16","0.6203",,,,,,,,,
"2013-11-15","0.6218",,,,,,,,,
"2013-11-14","0.6232",,,,,,,,,
"2013-11-13","0.6273",,,,,,,,,
"2013-11-12","0.6273",,,,,,,,,
"2013-11-11","0.6249",,,,,,,,,
"2013-11-10","0.6240",,,,,,,,,
"2013-11-09","0.6241",,,,,,,,,
"2013-11-08","0.6226",,,,,,,,,
"2013-11-07","0.6221",,,,,,,,,
"2013-11-06","0.6219",,,,,,,,,
"2013-11-05","0.6247",,,,,,,,,
"2013-11-04","0.6271",,,,,,,,,
"2013-11-03","0.6278",,,,,,,,,
"2013-11-02","0.6278",,,,,,,,,
"2013-11-01","0.6254",,,,,,,,,
"2013-10-31","0.6236",,,,,,,,,
"2013-10-30","0.6230",,,,,,,,,
"2013-10-29","0.6216",,,,,,,,,
"2013-10-28","0.6183",,,,,,,,,
"2013-10-27","0.6184",,,,,,,,,
"2013-10-26","0.6184",,,,,,,,,
"2013-10-25","0.6175",,,,,,,,,
"2013-10-24","0.6179",,,,,,,,,
"2013-10-23","0.6176",,,,,,,,,
"2013-10-22","0.6187",,,,,,,,,
"2013-10-21","0.6188",,,,,,,,,
"2013-10-20","0.6184",,,,,,,,,
"2013-10-19","0.6184",,,,,,,,,
"2013-10-18","0.6184",,,,,,,,,
"2013-10-17","0.6228",,,,,,,,,
"2013-10-16","0.6257",,,,,,,,,
"2013-10-15","0.6261",,,,,,,,,
"2013-10-14","0.6256",,,,,,,,,
"2013-10-13","0.6263",,,,,,,,,
"2013-10-12","0.6263",,,,,,,,,
"2013-10-11","0.6262",,,,,,,,,
"2013-10-10","0.6270",,,,,,,,,
"2013-10-09","0.6245",,,,,,,,,
"2013-10-08","0.6217",,,,,,,,,
"2013-10-07","0.6226",,,,,,,,,
"2013-10-06","0.6245",,,,,,,,,
"2013-10-05","0.6245",,,,,,,,,
"2013-10-04","0.6209",,,,,,,,,
"2013-10-03","0.6171",,,,,,,,,
"2013-10-02","0.6171",,,,,,,,,
"2013-10-01","0.6167",,,,,,,,,
"2013-09-30","0.6186",,,,,,,,,
"2013-09-29","0.6195",,,,,,,,,
"2013-09-28","0.6195",,,,,,,,,
"2013-09-27","0.6216",,,,,,,,,
"2013-09-26","0.6228",,,,,,,,,
"2013-09-25","0.6239",,,,,,,,,
"2013-09-24","0.6245",,,,,,,,,
"2013-09-23","0.6236",,,,,,,,,
"2013-09-22","0.6246",,,,,,,,,
"2013-09-21","0.6246",,,,,,,,,
"2013-09-20","0.6238",,,,,,,,,
"2013-09-19","0.6213",,,,,,,,,
"2013-09-18","0.6267",,,,,,,,,
"2013-09-17","0.6287",,,,,,,,,
"2013-09-16","0.6275",,,,,,,,,
"2013-09-15","0.6295",,,,,,,,,
"2013-09-14","0.6295",,,,,,,,,
"2013-09-13","0.6318",,,,,,,,,
"2013-09-12","0.6323",,,,,,,,,
"2013-09-11","0.6343",,,,,,,,,
"2013-09-10","0.6365",,,,,,,,,
"2013-09-09","0.6381",,,,,,,,,
"2013-09-08","0.6393",,,,,,,,,
"2013-09-07","0.6393",,,,,,,,,
"2013-09-06","0.6407",,,,,,,,,
"2013-09-05","0.6405",,,,,,,,,
"2013-09-04","0.6413",,,,,,,,,
"2013-09-03","0.6428",,,,,,,,,
"2013-09-02","0.6430",,,,,,,,,
"2013-09-01","0.6446",,,,,,,,,
"2013-08-31","0.6446",,,,,,,,,
"2013-08-30","0.6451",,,,,,,,,
"2013-08-29","0.6445",,,,,,,,,
"2013-08-28","0.6443",,,,,,,,,
"2013-08-27","0.6432",,,,,,,,,
"2013-08-26","0.6420",,,,,,,,,
"2013-08-25","0.6421",,,,,,,,,
"2013-08-24","0.6421",,,,,,,,,
"2013-08-23","0.6417",,,,,,,,,
"2013-08-22","0.6411",,,,,,,,,
"2013-08-21","0.6380",,,,,,,,,
"2013-08-20","0.6385",,,,,,,,,
"2013-08-19","0.6393",,,,,,,,,
"2013-08-18","0.6396",,,,,,,,,
"2013-08-17","0.6396",,,,,,,,,
"2013-08-16","0.6397",,,,,,,,,
"2013-08-15","0.6428",,,,,,,,,
"2013-08-14","0.6461",,,,,,,,,
"2013-08-13","0.6469",,,,,,,,,
"2013-08-12","0.6457",,,,,,,,,
"2013-08-11","0.6450",,,,,,,,,
"2013-08-10","0.6450",,,,,,,,,
"2013-08-09","0.6439",,,,,,,,,
"2013-08-08","0.6445",,,,,,,,,
"2013-08-07","0.6494",,,,,,,,,
"2013-08-06","0.6512",,,,,,,,,
"2013-08-05","0.6528",,,,,,,,,
"2013-08-04","0.6536",,,,,,,,,
"2013-08-03","0.6536",,,,,,,,,
"2013-08-02","0.6587",,,,,,,,,
"2013-08-01","0.6592",,,,,,,,,
"2013-07-31","0.6575",,,,,,,,,
"2013-07-30","0.6534",,,,,,,,,
"2013-07-29","0.6504",,,,,,,,,
"2013-07-28","0.6497",,,,,,,,,
"2013-07-27","0.6497",,,,,,,,,
"2013-07-26","0.6498",,,,,,,,,
"2013-07-25","0.6523",,,,,,,,,
"2013-07-24","0.6513",,,,,,,,,
"2013-07-23","0.6509",,,,,,,,,
"2013-07-22","0.6529",,,,,,,,,
"2013-07-21","0.6546",,,,,,,,,
"2013-07-20","0.6546",,,,,,,,,
"2013-07-19","0.6559",,,,,,,,,
"2013-07-18","0.6578",,,,,,,,,
"2013-07-17","0.6592",,,,,,,,,
"2013-07-16","0.6619",,,,,,,,,
"2013-07-15","0.6624",,,,,,,,,
"2013-07-14","0.6616",,,,,,,,,
"2013-07-13","0.6616",,,,,,,,,
"2013-07-12","0.6605",,,,,,,,,
"2013-07-11","0.6614",,,,,,,,,
"2013-07-10","0.6713",,,,,,,,,
"2013-07-09","0.6710",,,,,,,,,
"2013-07-08","0.6709",,,,,,,,,
"2013-07-07","0.6713",,,,,,,,,
"2013-07-06","0.6713",,,,,,,,,
"2013-07-05","0.6674",,,,,,,,,
"2013-07-04","0.6585",,,,,,,,,
"2013-07-03","0.6573",,,,,,,,,
"2013-07-02","0.6582",,,,,,,,,
"2013-07-01","0.6570",,,,,,,,,
"2013-06-30","0.6572",,,,,,,,,
"2013-06-29","0.6572",,,,,,,,,
"2013-06-28","0.6562",,,,,,,,,
"2013-06-27","0.6539",,,,,,,,,
"2013-06-26","0.6501",,,,,,,,,
"2013-06-25","0.6477",,,,,,,,,
"2013-06-24","0.6496",,,,,,,,,
"2013-06-23","0.6483",,,,,,,,,
"2013-06-22","0.6483",,,,,,,,,
"2013-06-21","0.6464",,,,,,,,,
"2013-06-20","0.6466",,,,,,,,,
"2013-06-19","0.6399",,,,,,,,,
"2013-06-18","0.6383",,,,,,,,,
"2013-06-17","0.6364",,,,,,,,,
"2013-06-16","0.6363",,,,,,,,,
"2013-06-15","0.6363",,,,,,,,,
"2013-06-14","0.6375",,,,,,,,,
"2013-06-13","0.6377",,,,,,,,,
"2013-06-12","0.6385",,,,,,,,,
"2013-06-11","0.6418",,,,,,,,,
"2013-06-10","0.6435",,,,,,,,,
"2013-06-09","0.6427",,,,,,,,,
"2013-06-08","0.6427",,,,,,,,,
"2013-06-07","0.6421",,,,,,,,,
"2013-06-06","0.6464",,,,,,,,,
"2013-06-05","0.6515",,,,,,,,,
"2013-06-04","0.6532",,,,,,,,,
"2013-06-03","0.6553",,,,,,,,,
"2013-06-02","0.6577",,,,,,,,,
"2013-06-01","0.6577",,,,,,,,,
"2013-05-31","0.6575",,,,,,,,,
"2013-05-30","0.6593",,,,,,,,,
"2013-05-29","0.6635",,,,,,,,,
"2013-05-28","0.6628",,,,,,,,,
"2013-05-27","0.6613",,,,,,,,,
"2013-05-26","0.6608",,,,,,,,,
"2013-05-25","0.6608",,,,,,,,,
"2013-05-24","0.6619",,,,,,,,,
"2013-05-23","0.6638",,,,,,,,,
"2013-05-22","0.6618",,,,,,,,,
"2013-05-21","0.6578",,,,,,,,,
"2013-05-20","0.6575",,,,,,,,,
"2013-05-19","0.6591",,,,,,,,,
"2013-05-18","0.6591",,,,,,,,,
"2013-05-17","0.6567",,,,,,,,,
"2013-05-16","0.6558",,,,,,,,,
"2013-05-15","0.6569",,,,,,,,,
"2013-05-14","0.6543",,,,,,,,,
"2013-05-13","0.6518",,,,,,,,,
"2013-05-12","0.6506",,,,,,,,,
"2013-05-11","0.6506",,,,,,,,,
"2013-05-10","0.6490",,,,,,,,,
"2013-05-09","0.6440",,,,,,,,,
"2013-05-08","0.6449",,,,,,,,,
"2013-05-07","0.6442",,,,,,,,,
"2013-05-06","0.6426",,,,,,,,,
"2013-05-05","0.6419",,,,,,,,,
"2013-05-04","0.6419",,,,,,,,,
"2013-05-03","0.6432",,,,,,,,,
"2013-05-02","0.6430",,,,,,,,,
"2013-05-01","0.6428",,,,,,,,,
"2013-04-30","0.6449",,,,,,,,,
"2013-04-29","0.6448",,,,,,,,,
"2013-04-28","0.6459",,,,,,,,,
"2013-04-27","0.6459",,,,,,,,,
"2013-04-26","0.6468",,,,,,,,,
"2013-04-25","0.6504",,,,,,,,,
"2013-04-24","0.6555",,,,,,,,,
"2013-04-23","0.6552",,,,,,,,,
"2013-04-22","0.6560",,,,,,,,,
"2013-04-21","0.6564",,,,,,,,,
"2013-04-20","0.6564",,,,,,,,,
"2013-04-19","0.6539",,,,,,,,,
"2013-04-18","0.6552",,,,,,,,,
"2013-04-17","0.6535",,,,,,,,,
"2013-04-16","0.6530",,,,,,,,,
"2013-04-15","0.6525",,,,,,,,,
"2013-04-14","0.6516",,,,,,,,,
"2013-04-13","0.6516",,,,,,,,,
"2013-04-12","0.6504",,,,,,,,,
"2013-04-11","0.6510",,,,,,,,,
"2013-04-10","0.6526",,,,,,,,,
"2013-04-09","0.6539",,,,,,,,,
"2013-04-08","0.6532",,,,,,,,,
"2013-04-07","0.6517",,,,,,,,,
"2013-04-06","0.6517",,,,,,,,,
"2013-04-05","0.6551",,,,,,,,,
"2013-04-04","0.6605",,,,,,,,,
"2013-04-03","0.6616",,,,,,,,,
"2013-04-02","0.6585",,,,,,,,,
"2013-04-01","0.6576",,,,,,,,,
"2013-03-31","0.6575",,,,,,,,,
"2013-03-30","0.6575",,,,,,,,,
"2013-03-29","0.6579",,,,,,,,,
"2013-03-28","0.6599",,,,,,,,,
"2013-03-27","0.6605",,,,,,,,,
"2013-03-26","0.6591",,,,,,,,,
"2013-03-25","0.6571",,,,,,,,,
"2013-03-24","0.6565",,,,,,,,,
"2013-03-23","0.6565",,,,,,,,,
"2013-03-22","0.6579",,,,,,,,,
"2013-03-21","0.6604",,,,,,,,,
"2013-03-20","0.6618",,,,,,,,,
"2013-03-19","0.6620",,,,,,,,,
"2013-03-18","0.6618",,,,,,,,,
"2013-03-17","0.6615",,,,,,,,,
"2013-03-16","0.6615",,,,,,,,,
"2013-03-15","0.6617",,,,,,,,,
"2013-03-14","0.6677",,,,,,,,,
"2013-03-13","0.6697",,,,,,,,,
"2013-03-12","0.6714",,,,,,,,,
"2013-03-11","0.6705",,,,,,,,,
"2013-03-10","0.6698",,,,,,,,,
"2013-03-09","0.6698",,,,,,,,,
"2013-03-08","0.6671",,,,,,,,,
"2013-03-07","0.6661",,,,,,,,,
"2013-03-06","0.6623",,,,,,,,,
"2013-03-05","0.6609",,,,,,,,,
"2013-03-04","0.6644",,,,,,,,,
"2013-03-03","0.6648",,,,,,,,,
"2013-03-02","0.6649",,,,,,,,,
"2013-03-01","0.6621",,,,,,,,,
"2013-02-28","0.6590",,,,,,,,,
"2013-02-27","0.6610",,,,,,,,,
"2013-02-26","0.6593",,,,,,,,,
"2013-02-25","0.6608",,,,,,,,,
"2013-02-24","0.6594",,,,,,,,,
"2013-02-23","0.6593",,,,,,,,,
"2013-02-22","0.6550",,,,,,,,,
"2013-02-21","0.6566",,,,,,,,,
"2013-02-20","0.6507",,,,,,,,,
"2013-02-19","0.6466",,,,,,,,,
"2013-02-18","0.6460",,,,,,,,,
"2013-02-17","0.6443",,,,,,,,,
"2013-02-16","0.6443",,,,,,,,,
"2013-02-15","0.6448",,,,,,,,,
"2013-02-14","0.6445",,,,,,,,,
"2013-02-13","0.6402",,,,,,,,,
"2013-02-12","0.6394",,,,,,,,,
"2013-02-11","0.6353",,,,,,,,,
"2013-02-10","0.6326",,,,,,,,,
"2013-02-09","0.6326",,,,,,,,,
"2013-02-08","0.6347",,,,,,,,,
"2013-02-07","0.6376",,,,,,,,,
"2013-02-06","0.6386",,,,,,,,,
"2013-02-05","0.6357",,,,,,,,,
"2013-02-04","0.6361",,,,,,,,,
"2013-02-03","0.6371",,,,,,,,,
"2013-02-02","0.6371",,,,,,,,,
"2013-02-01","0.6320",,,,,,,,,
"2013-01-31","0.6321",,,,,,,,,
"2013-01-30","0.6342",,,,,,,,,
"2013-01-29","0.6361",,,,,,,,,
"2013-01-28","0.6355",,,,,,,,,
"2013-01-27","0.6327",,,,,,,,,
"2013-01-26","0.6327",,,,,,,,,
"2013-01-25","0.6333",,,,,,,,,
"2013-01-24","0.6322",,,,,,,,,
"2013-01-23","0.6311",,,,,,,,,
"2013-01-22","0.6309",,,,,,,,,
"2013-01-21","0.6305",,,,,,,,,
"2013-01-20","0.6299",,,,,,,,,
"2013-01-19","0.6299",,,,,,,,,
"2013-01-18","0.6272",,,,,,,,,
"2013-01-17","0.6249",,,,,,,,,
"2013-01-16","0.6237",,,,,,,,,
"2013-01-15","0.6222",,,,,,,,,
"2013-01-14","0.6208",,,,,,,,,
"2013-01-13","0.6197",,,,,,,,,
"2013-01-12","0.6197",,,,,,,,,
"2013-01-11","0.6195",,,,,,,,,
"2013-01-10","0.6228",,,,,,,,,
"2013-01-09","0.6234",,,,,,,,,
"2013-01-08","0.6216",,,,,,,,,
"2013-01-07","0.6225",,,,,,,,,
"2013-01-06","0.6222",,,,,,,,,
"2013-01-05","0.6222",,,,,,,,,
"2013-01-04","0.6226",,,,,,,,,
"2013-01-03","0.6173",,,,,,,,,
"2013-01-02","0.6139",,,,,,,,,
"2013-01-01","0.6156",,,,,,,,,
"2012-12-31","0.6177",,,,,,,,,
"2012-12-30","0.6185",,,,,,,,,
"2012-12-29","0.6185",,,,,,,,,
"2012-12-28","0.6202",,,,,,,,,
"2012-12-27","0.6196",,,,,,,,,
"2012-12-26","0.6198",,,,,,,,,
"2012-12-25","0.6198",,,,,,,,,
"2012-12-24","0.6188",,,,,,,,,
"2012-12-23","0.6182",,,,,,,,,
"2012-12-22","0.6182",,,,,,,,,
"2012-12-21","0.6161",,,,,,,,,
"2012-12-20","0.6149",,,,,,,,,
"2012-12-19","0.6146",,,,,,,,,
"2012-12-18","0.6165",,,,,,,,,
"2012-12-17","0.6177",,,,,,,,,
"2012-12-16","0.6182",,,,,,,,,
"2012-12-15","0.6182",,,,,,,,,
"2012-12-14","0.6200",,,,,,,,,
"2012-12-13","0.6199",,,,,,,,,
"2012-12-12","0.6200",,,,,,,,,
"2012-12-11","0.6215",,,,,,,,,
"2012-12-10","0.6231",,,,,,,,,
"2012-12-09","0.6232",,,,,,,,,
"2012-12-08","0.6233",,,,,,,,,
"2012-12-07","0.6234",,,,,,,,,
"2012-12-06","0.6216",,,,,,,,,
"2012-12-05","0.6210",,,,,,,,,
"2012-12-04","0.6210",,,,,,,,,
"2012-12-03","0.6228",,,,,,,,,
"2012-12-02","0.6245",,,,,,,,,
"2012-12-01","0.6245",,,,,,,,,
"2012-11-30","0.6236",,,,,,,,,
"2012-11-29","0.6241",,,,,,,,,
"2012-11-28","0.6248",,,,,,,,,
"2012-11-27","0.6237",,,,,,,,,
"2012-11-26","0.6242",,,,,,,,,
"2012-11-25","0.6238",,,,,,,,,
"2012-11-24","0.6238",,,,,,,,,
"2012-11-23","0.6263",,,,,,,,,
"2012-11-22","0.6268",,,,,,,,,
"2012-11-21","0.6279",,,,,,,,,
"2012-11-20","0.6283",,,,,,,,,
"2012-11-19","0.6287",,,,,,,,,
"2012-11-18","0.6296",,,,,,,,,
"2012-11-17","0.6296",,,,,,,,,
"2012-11-16","0.6302",,,,,,,,,
"2012-11-15","0.6309",,,,,,,,,
"2012-11-14","0.6300",,,,,,,,,
"2012-11-13","0.6298",,,,,,,,,
"2012-11-12","0.6292",,,,,,,,,
"2012-11-11","0.6289",,,,,,,,,
"2012-11-10","0.6290",,,,,,,,,
"2012-11-09","0.6266",,,,,,,,,
"2012-11-08","0.6259",,,,,,,,,
"2012-11-07","0.6251",,,,,,,,,
"2012-11-06","0.6256",,,,,,,,,
"2012-11-05","0.6251",,,,,,,,,
"2012-11-04","0.6240",,,,,,,,,
"2012-11-03","0.6240",,,,,,,,,
"2012-11-02","0.6218",,,,,,,,,
"2012-11-01","0.6197",,,,,,,,,
"2012-10-31","0.6210",,,,,,,,,
"2012-10-30","0.6228",,,,,,,,,
"2012-10-29","0.6225",,,,,,,,,
"2012-10-28","0.6209",,,,,,,,,
"2012-10-27","0.6209",,,,,,,,,
"2012-10-26","0.6206",,,,,,,,,
"2012-10-25","0.6215",,,,,,,,,
"2012-10-24","0.6255",,,,,,,,,
"2012-10-23","0.6255",,,,,,,,,
"2012-10-22","0.6241",,,,,,,,,
"2012-10-21","0.6247",,,,,,,,,
"2012-10-20","0.6247",,,,,,,,,
"2012-10-19","0.6233",,,,,,,,,
"2012-10-18","0.6200",,,,,,,,,
"2012-10-17","0.6194",,,,,,,,,
"2012-10-16","0.6214",,,,,,,,,
"2012-10-15","0.6227",,,,,,,,,
"2012-10-14","0.6220",,,,,,,,,
"2012-10-13","0.6221",,,,,,,,,
"2012-10-12","0.6227",,,,,,,,,
"2012-10-11","0.6241",,,,,,,,,
"2012-10-10","0.6248",,,,,,,,,
"2012-10-09","0.6242",,,,,,,,,
"2012-10-08","0.6221",,,,,,,,,
"2012-10-07","0.6197",,,,,,,,,
"2012-10-06","0.6196",,,,,,,,,
"2012-10-05","0.6179",,,,,,,,,
"2012-10-04","0.6201",,,,,,,,,
"2012-10-03","0.6208",,,,,,,,,
"2012-10-02","0.6193",,,,,,,,,
"2012-10-01","0.6196",,,,,,,,,
"2012-09-30","0.6185",,,,,,,,,
"2012-09-29","0.6185",,,,,,,,,
"2012-09-28","0.6170",,,,,,,,,
"2012-09-27","0.6172",,,,,,,,,
"2012-09-26","0.6182",,,,,,,,,
"2012-09-25","0.6162",,,,,,,,,
"2012-09-24","0.6167",,,,,,,,,
"2012-09-23","0.6160",,,,,,,,,
"2012-09-22","0.6160",,,,,,,,,
"2012-09-21","0.6154",,,,,,,,,
"2012-09-20","0.6172",,,,,,,,,
"2012-09-19","0.6160",,,,,,,,,
"2012-09-18","0.6156",,,,,,,,,
"2012-09-17","0.6160",,,,,,,,,
"2012-09-16","0.6166",,,,,,,,,
"2012-09-15","0.6166",,,,,,,,,
"2012-09-14","0.6172",,,,,,,,,
"2012-09-13","0.6204",,,,,,,,,
"2012-09-12","0.6215",,,,,,,,,
"2012-09-11","0.6239",,,,,,,,,
"2012-09-10","0.6250",,,,,,,,,
"2012-09-09","0.6244",,,,,,,,,
"2012-09-08","0.6245",,,,,,,,,
"2012-09-07","0.6264",,,,,,,,,
"2012-09-06","0.6284",,,,,,,,,
"2012-09-05","0.6296",,,,,,,,,
"2012-09-04","0.6295",,,,,,,,,
"2012-09-03","0.6298",,,,,,,,,
"2012-09-02","0.6302",,,,,,,,,
"2012-09-01","0.6303",,,,,,,,,
"2012-08-31","0.6319",,,,,,,,,
"2012-08-30","0.6320",,,,,,,,,
"2012-08-29","0.6319",,,,,,,,,
"2012-08-28","0.6331",,,,,,,,,
"2012-08-27","0.6326",,,,,,,,,
"2012-08-26","0.6323",,,,,,,,,
"2012-08-25","0.6324",,,,,,,,,
"2012-08-24","0.6312",,,,,,,,,
"2012-08-23","0.6296",,,,,,,,,
"2012-08-22","0.6330",,,,,,,,,
"2012-08-21","0.6349",,,,,,,,,
"2012-08-20","0.6370",,,,,,,,,
"2012-08-19","0.6369",,,,,,,,,
"2012-08-18","0.6370",,,,,,,,,
"2012-08-17","0.6364",,,,,,,,,
"2012-08-16","0.6370",,,,,,,,,
"2012-08-15","0.6378",,,,,,,,,
"2012-08-14","0.6373",,,,,,,,,
"2012-08-13","0.6376",,,,,,,,,
"2012-08-12","0.6373",,,,,,,,,
"2012-08-11","0.6373",,,,,,,,,
"2012-08-10","0.6396",,,,,,,,,
"2012-08-09","0.6390",,,,,,,,,
"2012-08-08","0.6398",,,,,,,,,
"2012-08-07","0.6402",,,,,,,,,
"2012-08-06","0.6407",,,,,,,,,
"2012-08-05","0.6393",,,,,,,,,
"2012-08-04","0.6392",,,,,,,,,
"2012-08-03","0.6426",,,,,,,,,
"2012-08-02","0.6436",,,,,,,,,
"2012-08-01","0.6395",,,,,,,,,
"2012-07-31","0.6372",,,,,,,,,
"2012-07-30","0.6366",,,,,,,,,
"2012-07-29","0.6349",,,,,,,,,
"2012-07-28","0.6349",,,,,,,,,
"2012-07-27","0.6368",,,,,,,,,
"2012-07-26","0.6422",,,,,,,,,
"2012-07-25","0.6451",,,,,,,,,
"2012-07-24","0.6445",,,,,,,,,
"2012-07-23","0.6430",,,,,,,,,
"2012-07-22","0.6400",,,,,,,,,
"2012-07-21","0.6400",,,,,,,,,
"2012-07-20","0.6378",,,,,,,,,
"2012-07-19","0.6377",,,,,,,,,
"2012-07-18","0.6394",,,,,,,,,
"2012-07-17","0.6395",,,,,,,,,
"2012-07-16","0.6417",,,,,,,,,
"2012-07-15","0.6419",,,,,,,,,
"2012-07-14","0.6419",,,,,,,,,
"2012-07-13","0.6461",,,,,,,,,
"2012-07-12","0.6465",,,,,,,,,
"2012-07-11","0.6438",,,,,,,,,
"2012-07-10","0.6445",,,,,,,,,
"2012-07-09","0.6452",,,,,,,,,
"2012-07-08","0.6455",,,,,,,,,
"2012-07-07","0.6455",,,,,,,,,
"2012-07-06","0.6445",,,,,,,,,
"2012-07-05","0.6424",,,,,,,,,
"2012-07-04","0.6391",,,,,,,,,
"2012-07-03","0.6373",,,,,,,,,
"2012-07-02","0.6378",,,,,,,,,
"2012-07-01","0.6366",,,,,,,,,
"2012-06-30","0.6365",,,,,,,,,
"2012-06-29","0.6403",,,,,,,,,
"2012-06-28","0.6430",,,,,,,,,
"2012-06-27","0.6407",,,,,,,,,
"2012-06-26","0.6409",,,,,,,,,
"2012-06-25","0.6422",,,,,,,,,
"2012-06-24","0.6414",,,,,,,,,
"2012-06-23","0.6413",,,,,,,,,
"2012-06-22","0.6410",,,,,,,,,
"2012-06-21","0.6381",,,,,,,,,
"2012-06-20","0.6358",,,,,,,,,
"2012-06-19","0.6372",,,,,,,,,
"2012-06-18","0.6376",,,,,,,,,
"2012-06-17","0.6361",,,,,,,,,
"2012-06-16","0.6361",,,,,,,,,
"2012-06-15","0.6418",,,,,,,,,
"2012-06-14","0.6443",,,,,,,,,
"2012-06-13","0.6428",,,,,,,,,
"2012-06-12","0.6444",,,,,,,,,
"2012-06-11","0.6437",,,,,,,,,
"2012-06-10","0.6459",,,,,,,,,
"2012-06-09","0.6462",,,,,,,,,
"2012-06-08","0.6466",,,,,,,,,
"2012-06-07","0.6446",,,,,,,,,
"2012-06-06","0.6474",,,,,,,,,
"2012-06-05","0.6505",,,,,,,,,
"2012-06-04","0.6505",,,,,,,,,
"2012-06-03","0.6507",,,,,,,,,
"2012-06-02","0.6507",,,,,,,,,
"2012-06-01","0.6509",,,,,,,,,
"2012-05-31","0.6466",,,,,,,,,
"2012-05-30","0.6419",,,,,,,,,
"2012-05-29","0.6382",,,,,,,,,
"2012-05-28","0.6372",,,,,,,,,
"2012-05-27","0.6381",,,,,,,,,
"2012-05-26","0.6381",,,,,,,,,
"2012-05-25","0.6384",,,,,,,,,
"2012-05-24","0.6376",,,,,,,,,
"2012-05-23","0.6357",,,,,,,,,
"2012-05-22","0.6329",,,,,,,,,
"2012-05-21","0.6323",,,,,,,,,
"2012-05-20","0.6318",,,,,,,,,
"2012-05-19","0.6319",,,,,,,,,
"2012-05-18","0.6332",,,,,,,,,
"2012-05-17","0.6300",,,,,,,,,
"2012-05-16","0.6269",,,,,,,,,
"2012-05-15","0.6225",,,,,,,,,
"2012-05-14","0.6219",,,,,,,,,
"2012-05-13","0.6221",,,,,,,,,
"2012-05-12","0.6221",,,,,,,,,
"2012-05-11","0.6208",,,,,,,,,
"2012-05-10","0.6194",,,,,,,,,
"2012-05-09","0.6199",,,,,,,,,
"2012-05-08","0.6187",,,,,,,,,
"2012-05-07","0.6190",,,,,,,,,
"2012-05-06","0.6190",,,,,,,,,
"2012-05-05","0.6190",,,,,,,,,
"2012-05-04","0.6182",,,,,,,,,
"2012-05-03","0.6178",,,,,,,,,
"2012-05-02","0.6170",,,,,,,,,
"2012-05-01","0.6164",,,,,,,,,
"2012-04-30","0.6149",,,,,,,,,
"2012-04-29","0.6147",,,,,,,,,
"2012-04-28","0.6147",,,,,,,,,
"2012-04-27","0.6168",,,,,,,,,
"2012-04-26","0.6180",,,,,,,,,
"2012-04-25","0.6197",,,,,,,,,
"2012-04-24","0.6198",,,,,,,,,
"2012-04-23","0.6207",,,,,,,,,
"2012-04-22","0.6199",,,,,,,,,
"2012-04-21","0.6200",,,,,,,,,
"2012-04-20","0.6215",,,,,,,,,
"2012-04-19","0.6234",,,,,,,,,
"2012-04-18","0.6263",,,,,,,,,
"2012-04-17","0.6282",,,,,,,,,
"2012-04-16","0.6309",,,,,,,,,
"2012-04-15","0.6308",,,,,,,,,
"2012-04-14","0.6308",,,,,,,,,
"2012-04-13","0.6281",,,,,,,,,
"2012-04-12","0.6274",,,,,,,,,
"2012-04-11","0.6292",,,,,,,,,
"2012-04-10","0.6298",,,,,,,,,
"2012-04-09","0.6299",,,,,,,,,
"2012-04-08","0.6298",,,,,,,,,
"2012-04-07","0.6298",,,,,,,,,
"2012-04-06","0.6305",,,,,,,,,
"2012-04-05","0.6303",,,,,,,,,
"2012-04-04","0.6294",,,,,,,,,
"2012-04-03","0.6250",,,,,,,,,
"2012-04-02","0.6243",,,,,,,,,
"2012-04-01","0.6242",,,,,,,,,
"2012-03-31","0.6243",,,,,,,,,
"2012-03-30","0.6254",,,,,,,,,
"2012-03-29","0.6287",,,,,,,,,
"2012-03-28","0.6281",,,,,,,,,
"2012-03-27","0.6263",,,,,,,,,
"2012-03-26","0.6292",,,,,,,,,
"2012-03-25","0.6299",,,,,,,,,
"2012-03-24","0.6299",,,,,,,,,
"2012-03-23","0.6311",,,,,,,,,
"2012-03-22","0.6313",,,,,,,,,
"2012-03-21","0.6302",,,,,,,,,
"2012-03-20","0.6301",,,,,,,,,
"2012-03-19","0.6305",,,,,,,,,
"2012-03-18","0.6310",,,,,,,,,
"2012-03-17","0.6309",,,,,,,,,
"2012-03-16","0.6346",,,,,,,,,
"2012-03-15","0.6381",,,,,,,,,
"2012-03-14","0.6373",,,,,,,,,
"2012-03-13","0.6383",,,,,,,,,
"2012-03-12","0.6388",,,,,,,,,
"2012-03-11","0.6378",,,,,,,,,
"2012-03-10","0.6377",,,,,,,,,
"2012-03-09","0.6340",,,,,,,,,
"2012-03-08","0.6338",,,,,,,,,
"2012-03-07","0.6357",,,,,,,,,
"2012-03-06","0.6326",,,,,,,,,
"2012-03-05","0.6314",,,,,,,,,
"2012-03-04","0.6313",,,,,,,,,
"2012-03-03","0.6313",,,,,,,,,
"2012-03-02","0.6285",,,,,,,,,
"2012-03-01","0.6275",,,,,,,,,
"2012-02-29","0.6277",,,,,,,,,
"2012-02-28","0.6309",,,,,,,,,
"2012-02-27","0.6305",,,,,,,,,
"2012-02-26","0.6298",,,,,,,,,
"2012-02-25","0.6298",,,,,,,,,
"2012-02-24","0.6332",,,,,,,,,
"2012-02-23","0.6373",,,,,,,,,
"2012-02-22","0.6355",,,,,,,,,
"2012-02-21","0.6320",,,,,,,,,
"2012-02-20","0.6304",,,,,,,,,
"2012-02-19","0.6315",,,,,,,,,
"2012-02-18","0.6316",,,,,,,,,
"2012-02-17","0.6322",,,,,,,,,
"2012-02-16","0.6367",,,,,,,,,
"2012-02-15","0.6369",,,,,,,,,
"2012-02-14","0.6363",,,,,,,,,
"2012-02-13","0.6334",,,,,,,,,
"2012-02-12","0.6344",,,,,,,,,
"2012-02-11","0.6345",,,,,,,,,
"2012-02-10","0.6334",,,,,,,,,
"2012-02-09","0.6316",,,,,,,,,
"2012-02-08","0.6297",,,,,,,,,
"2012-02-07","0.6316",,,,,,,,,
"2012-02-06","0.6334",,,,,,,,,
"2012-02-05","0.6323",,,,,,,,,
"2012-02-04","0.6321",,,,,,,,,
"2012-02-03","0.6324",,,,,,,,,
"2012-02-02","0.6316",,,,,,,,,
"2012-02-01","0.6334",,,,,,,,,
"2012-01-31","0.6350",,,,,,,,,
"2012-01-30","0.6370",,,,,,,,,
"2012-01-29","0.6356",,,,,,,,,
"2012-01-28","0.6356",,,,,,,,,
"2012-01-27","0.6371",,,,,,,,,
"2012-01-26","0.6378",,,,,,,,,
"2012-01-25","0.6409",,,,,,,,,
"2012-01-24","0.6421",,,,,,,,,
"2012-01-23","0.6428",,,,,,,,,
"2012-01-22","0.6420",,,,,,,,,
"2012-01-21","0.6418",,,,,,,,,
"2012-01-20","0.6452",,,,,,,,,
"2012-01-19","0.6474",,,,,,,,,
"2012-01-18","0.6506",,,,,,,,,
"2012-01-17","0.6512",,,,,,,,,
"2012-01-16","0.6531",,,,,,,,,
"2012-01-15","0.6527",,,,,,,,,
"2012-01-14","0.6526",,,,,,,,,
"2012-01-13","0.6522",,,,,,,,,
"2012-01-12","0.6523",,,,,,,,,
"2012-01-11","0.6485",,,,,,,,,
"2012-01-10","0.6463",,,,,,,,,
"2012-01-09","0.6480",,,,,,,,,
"2012-01-08","0.6481",,,,,,,,,
"2012-01-07","0.6480",,,,,,,,,
"2012-01-06","0.6462",,,,,,,,,
"2012-01-05","0.6427",,,,,,,,,
"2012-01-04","0.6397",,,,,,,,,
"2012-01-03","0.6419",,,,,,,,,
"2012-01-02","0.6447",,,,,,,,,
"2012-01-01","0.6434",,,,,,,,,
"2011-12-31","0.6432",,,,,,,,,
"2011-12-30","0.6470",,,,,,,,,
"2011-12-29","0.6482",,,,,,,,,
"2011-12-28","0.6404",,,,,,,,,
"2011-12-27","0.6391",,,,,,,,,
"2011-12-26","0.6401",,,,,,,,,
"2011-12-25","0.6413",,,,,,,,,
"2011-12-24","0.6414",,,,,,,,,
"2011-12-23","0.6382",,,,,,,,,
"2011-12-22","0.6378",,,,,,,,,
"2011-12-21","0.6375",,,,,,,,,
"2011-12-20","0.6416",,,,,,,,,
"2011-12-19","0.6448",,,,,,,,,
"2011-12-18","0.6431",,,,,,,,,
"2011-12-17","0.6431",,,,,,,,,
"2011-12-16","0.6441",,,,,,,,,
"2011-12-15","0.6458",,,,,,,,,
"2011-12-14","0.6459",,,,,,,,,
"2011-12-13","0.6419",,,,,,,,,
"2011-12-12","0.6403",,,,,,,,,
"2011-12-11","0.6380",,,,,,,,,
"2011-12-10","0.6379",,,,,,,,,
"2011-12-09","0.6393",,,,,,,,,
"2011-12-08","0.6373",,,,,,,,,
"2011-12-07","0.6396",,,,,,,,,
"2011-12-06","0.6401",,,,,,,,,
"2011-12-05","0.6395",,,,,,,,,
"2011-12-04","0.6409",,,,,,,,,
"2011-12-03","0.6410",,,,,,,,,
"2011-12-02","0.6383",,,,,,,,,
"2011-12-01","0.6370",,,,,,,,,
"2011-11-30","0.6397",,,,,,,,,
"2011-11-29","0.6427",,,,,,,,,
"2011-11-28","0.6443",,,,,,,,,
"2011-11-27","0.6473",,,,,,,,,
"2011-11-26","0.6475",,,,,,,,,
"2011-11-25","0.6464",,,,,,,,,
"2011-11-24","0.6440",,,,,,,,,
"2011-11-23","0.6416",,,,,,,,,
"2011-11-22","0.6392",,,,,,,,,
"2011-11-21","0.6366",,,,,,,,,
"2011-11-20","0.6325",,,,,,,,,
"2011-11-19","0.6325",,,,,,,,,
"2011-11-18","0.6333",,,,,,,,,
"2011-11-17","0.6351",,,,,,,,,
"2011-11-16","0.6336",,,,,,,,,
"2011-11-15","0.6300",,,,,,,,,
"2011-11-14","0.6253",,,,,,,,,
"2011-11-13","0.6222",,,,,,,,,
"2011-11-12","0.6222",,,,,,,,,
"2011-11-11","0.6264",,,,,,,,,
"2011-11-10","0.6279",,,,,,,,,
"2011-11-09","0.6239",,,,,,,,,
"2011-11-08","0.6223",,,,,,,,,
"2011-11-07","0.6238",,,,,,,,,
"2011-11-06","0.6236",,,,,,,,,
"2011-11-05","0.6235",,,,,,,,,
"2011-11-04","0.6242",,,,,,,,,
"2011-11-03","0.6266",,,,,,,,,
"2011-11-02","0.6259",,,,,,,,,
"2011-11-01","0.6248",,,,,,,,,
"2011-10-31","0.6226",,,,,,,,,
"2011-10-30","0.6199",,,,,,,,,
"2011-10-29","0.6198",,,,,,,,,
"2011-10-28","0.6210",,,,,,,,,
"2011-10-27","0.6239",,,,,,,,,
"2011-10-26","0.6254",,,,,,,,,
"2011-10-25","0.6252",,,,,,,,,
"2011-10-24","0.6266",,,,,,,,,
"2011-10-23","0.6268",,,,,,,,,
"2011-10-22","0.6267",,,,,,,,,
"2011-10-21","0.6308",,,,,,,,,
"2011-10-20","0.6347",,,,,,,,,
"2011-10-19","0.6343",,,,,,,,,
"2011-10-18","0.6353",,,,,,,,,
"2011-10-17","0.6333",,,,,,,,,
"2011-10-16","0.6318",,,,,,,,,
"2011-10-15","0.6319",,,,,,,,,
"2011-10-14","0.6338",,,,,,,,,
"2011-10-13","0.6356",,,,,,,,,
"2011-10-12","0.6382",,,,,,,,,
"2011-10-11","0.6399",,,,,,,,,
"2011-10-10","0.6399",,,,,,,,,
"2011-10-09","0.6426",,,,,,,,,
"2011-10-08","0.6426",,,,,,,,,
"2011-10-07","0.6447",,,,,,,,,
"2011-10-06","0.6484",,,,,,,,,
"2011-10-05","0.6473",,,,,,,,,
"2011-10-04","0.6486",,,,,,,,,
"2011-10-03","0.6443",,,,,,,,,
"2011-10-02","0.6416",,,,,,,,,
"2011-10-01","0.6415",,,,,,,,,
"2011-09-30","0.6409",,,,,,,,,
"2011-09-29","0.6399",,,,,,,,,
"2011-09-28","0.6397",,,,,,,,,
"2011-09-27","0.6410",,,,,,,,,
"2011-09-26","0.6453",,,,,,,,,
"2011-09-25","0.6467",,,,,,,,,
"2011-09-24","0.6469",,,,,,,,,
"2011-09-23","0.6483",,,,,,,,,
"2011-09-22","0.6481",,,,,,,,,
"2011-09-21","0.6381",,,,,,,,,
"2011-09-20","0.6370",,,,,,,,,
"2011-09-19","0.6367",,,,,,,,,
"2011-09-18","0.6332",,,,,,,,,
"2011-09-17","0.6331",,,,,,,,,
"2011-09-16","0.6330",,,,,,,,,
"2011-09-15","0.6333",,,,,,,,,
"2011-09-14","0.6340",,,,,,,,,
"2011-09-13","0.6318",,,,,,,,,
"2011-09-12","0.6314",,,,,,,,,
"2011-09-11","0.6294",,,,,,,,,
"2011-09-10","0.6294",,,,,,,,,
"2011-09-09","0.6273",,,,,,,,,
"2011-09-08","0.6258",,,,,,,,,
"2011-09-07","0.6260",,,,,,,,,
"2011-09-06","0.6229",,,,,,,,,
"2011-09-05","0.6195",,,,,,,,,
"2011-09-04","0.6166",,,,,,,,,
"2011-09-03","0.6165",,,,,,,,,
"2011-09-02","0.6172",,,,,,,,,
"2011-09-01","0.6167",,,,,,,,,
"2011-08-31","0.6137",,,,,,,,,
"2011-08-30","0.6116",,,,,,,,,
"2011-08-29","0.6103",,,,,,,,,
"2011-08-28","0.6108",,,,,,,,,
"2011-08-27","0.6108",,,,,,,,,
"2011-08-26","0.6132",,,,,,,,,
"2011-08-25","0.6117",,,,,,,,,
"2011-08-24","0.6075",,,,,,,,,
"2011-08-23","0.6061",,,,,,,,,
"2011-08-22","0.6067",,,,,,,,,
"2011-08-21","0.6072",,,,,,,,,
"2011-08-20","0.6073",,,,,,,,,
"2011-08-19","0.6057",,,,,,,,,
"2011-08-18","0.6057",,,,,,,,,
"2011-08-17","0.6069",,,,,,,,,
"2011-08-16","0.6101",,,,,,,,,
"2011-08-15","0.6125",,,,,,,,,
"2011-08-14","0.6141",,,,,,,,,
"2011-08-13","0.6141",,,,,,,,,
"2011-08-12","0.6154",,,,,,,,,
"2011-08-11","0.6182",,,,,,,,,
"2011-08-10","0.6158",,,,,,,,,
"2011-08-09","0.6133",,,,,,,,,
"2011-08-08","0.6099",,,,,,,,,
"2011-08-07","0.6095",,,,,,,,,
"2011-08-06","0.6097",,,,,,,,,
"2011-08-05","0.6135",,,,,,,,,
"2011-08-04","0.6114",,,,,,,,,
"2011-08-03","0.6118",,,,,,,,,
"2011-08-02","0.6137",,,,,,,,,
"2011-08-01","0.6103",,,,,,,,,
"2011-07-31","0.6086",,,,,,,,,
"2011-07-30","0.6086",,,,,,,,,
"2011-07-29","0.6111",,,,,,,,,
"2011-07-28","0.6122",,,,,,,,,
"2011-07-27","0.6101",,,,,,,,,
"2011-07-26","0.6113",,,,,,,,,
"2011-07-25","0.6136",,,,,,,,,
"2011-07-24","0.6132",,,,,,,,,
"2011-07-23","0.6133",,,,,,,,,
"2011-07-22","0.6132",,,,,,,,,
"2011-07-21","0.6169",,,,,,,,,
"2011-07-20","0.6199",,,,,,,,,
"2011-07-19","0.6210",,,,,,,,,
"2011-07-18","0.6219",,,,,,,,,
"2011-07-17","0.6196",,,,,,,,,
"2011-07-16","0.6195",,,,,,,,,
"2011-07-15","0.6197",,,,,,,,,
"2011-07-14","0.6196",,,,,,,,,
"2011-07-13","0.6255",,,,,,,,,
"2011-07-12","0.6296",,,,,,,,,
"2011-07-11","0.6262",,,,,,,,,
"2011-07-10","0.6228",,,,,,,,,
"2011-07-09","0.6226",,,,,,,,,
"2011-07-08","0.6254",,,,,,,,,
"2011-07-07","0.6255",,,,,,,,,
"2011-07-06","0.6238",,,,,,,,,
"2011-07-05","0.6221",,,,,,,,,
"2011-07-04","0.6216",,,,,,,,,
"2011-07-03","0.6220",,,,,,,,,
"2011-07-02","0.6219",,,,,,,,,
